X,Y,Name,Description,Date,Zone,Diameter,Length,Image
-74.1759871,40.76902,,,3/26,4,medium,large,https://storage.googleapis.com/branch-brook-park-app.firebasestorage.app/trees/tree_1.jpg
-74.1761,40.76898,,,3/26,4,medium,small,https://storage.googleapis.com/branch-brook-park-app.firebasestorage.app/trees/tree_2.jpg
-74.1761,40.76903,,,3/26,4,medium,small,https://storage.googleapis.com/branch-brook-park-app.firebasestorage.app/trees/tree_3.jpg
-74.17613,40.76886,,,3/26,4,medium,small,https://storage.googleapis.com/branch-brook-park-app.firebasestorage.app/trees/tree_4.jpg
-74.1760698,40.7690437,,,3/26,4,,,https://storage.googleapis.com/branch-brook-park-app.firebasestorage.app/trees/tree_5.jpg
-74.17619,40.76898,,,3/26,4,large,medium,https://storage.googleapis.com/branch-brook-park-app.firebasestorage.app/trees/tree_6.jpg
-74.1759,40.7695,,,3/26,4,medium,large,https://storage.googleapis.com/branch-brook-park-app.firebasestorage.app/trees/tree_7.jpg
-74.176,40.769,,,3/26,4,medium,small,https://storage.googleapis.com/branch-brook-park-app.firebasestorage.app/trees/tree_8.jpg
-74.17607,40.76899,,,3/26,4,medium,small,https://storage.googleapis.com/branch-brook-park-app.firebasestorage.app/trees/tree_9.jpg
-74.17621,40.76896,,,3/26,4,large,medium,https://storage.googleapis.com/branch-brook-park-app.firebasestorage.app/trees/tree_10.jpg
-74.17625,40.7689,,,3/26,4,medium,small,https://storage.googleapis.com/branch-brook-park-app.firebasestorage.app/trees/tree_11.jpg
-74.17487,40.76896,,,3/26,4,medium,medium,https://storage.googleapis.com/branch-brook-park-app.firebasestorage.app/trees/tree_12.jpg
-74.17616,40.76894,,,3/26,4,medium,small,https://storage.googleapis.com/branch-brook-park-app.firebasestorage.app/trees/tree_13.jpg
-74.17572,40.76929,,,3/26,4,large,large,https://storage.googleapis.com/branch-brook-park-app.firebasestorage.app/trees/tree_14.jpg
-74.17484,40.76864,,,3/26,4,medium,medium,https://storage.googleapis.com/branch-brook-park-app.firebasestorage.app/trees/tree_15.jpg
-74.176,40.77,,,3/26,4,large,large,https://storage.googleapis.com/branch-brook-park-app.firebasestorage.app/trees/tree_16.jpg
-74.17608,40.76894,,,3/26,4,medium,medium,https://storage.googleapis.com/branch-brook-park-app.firebasestorage.app/trees/tree_17.jpg
-74.17617,40.76888,,,3/26,4,medium,medium,https://storage.googleapis.com/branch-brook-park-app.firebasestorage.app/trees/tree_18.jpg
-74.17535,40.7697,,,3/26,4,medium,small,https://storage.googleapis.com/branch-brook-park-app.firebasestorage.app/trees/tree_19.jpg
-74.176,40.76882,,,3/26,4,medium,small,https://storage.googleapis.com/branch-brook-park-app.firebasestorage.app/trees/tree_20.jpg
-74.17608,40.76887,,,3/26,4,medium,small,https://storage.googleapis.com/branch-brook-park-app.firebasestorage.app/trees/tree_21.jpg
-74.17584,40.76934,,,3/26,4,large,large,https://storage.googleapis.com/branch-brook-park-app.firebasestorage.app/trees/tree_22.jpg
-74.1759893,40.7700091,,,3/26,4,large,large,https://storage.googleapis.com/branch-brook-park-app.firebasestorage.app/trees/tree_23.jpg
-74.17599,40.76855,,,3/26,4,medium,medium,https://storage.googleapis.com/branch-brook-park-app.firebasestorage.app/trees/tree_24.jpg
-74.1762,40.76889,,,3/26,4,medium,small,https://storage.googleapis.com/branch-brook-park-app.firebasestorage.app/trees/tree_25.jpg
-74.17583,40.76937,,,3/26,4,medium,large,https://storage.googleapis.com/branch-brook-park-app.firebasestorage.app/trees/tree_26.jpg
-74.174,40.769,,,3/26,4,medium,small,https://storage.googleapis.com/branch-brook-park-app.firebasestorage.app/trees/tree_27.jpg
-74.17548,40.7697,,,3/26,4,medium,small,https://storage.googleapis.com/branch-brook-park-app.firebasestorage.app/trees/tree_28.jpg
-74.1762,40.76886,,,3/26,4,,,https://storage.googleapis.com/branch-brook-park-app.firebasestorage.app/trees/tree_29.jpg
-74.17634,40.76871,,,3/26,4,medium,medium,https://storage.googleapis.com/branch-brook-park-app.firebasestorage.app/trees/tree_30.jpg
-74.1761,40.76864,,,3/26,4,medium,medium,https://storage.googleapis.com/branch-brook-park-app.firebasestorage.app/trees/tree_31.jpg
-74.17521,40.77017,,,3/26,4,large,large,https://storage.googleapis.com/branch-brook-park-app.firebasestorage.app/trees/tree_32.jpg
-74.17622,40.76885,,,3/26,4,medium,small,https://storage.googleapis.com/branch-brook-park-app.firebasestorage.app/trees/tree_33.jpg
-74.1749,40.76936,,,3/26,4,large,large,https://storage.googleapis.com/branch-brook-park-app.firebasestorage.app/trees/tree_34.jpg
-74.17428,40.77026,,,3/26,4,large,medium,https://storage.googleapis.com/branch-brook-park-app.firebasestorage.app/trees/tree_35.jpg
-74.17638,40.76876,,,3/26,4,medium,small,https://storage.googleapis.com/branch-brook-park-app.firebasestorage.app/trees/tree_36.jpg
-74.17607,40.76887,,,3/26,4,medium,small,https://storage.googleapis.com/branch-brook-park-app.firebasestorage.app/trees/tree_37.jpg
-74.175,40.771,,,3/26,4,large,medium,https://storage.googleapis.com/branch-brook-park-app.firebasestorage.app/trees/tree_38.jpg
-74.1752,40.77018,,,3/26,4,large,medium,https://storage.googleapis.com/branch-brook-park-app.firebasestorage.app/trees/tree_39.jpg
-74.17569,40.76888,,,3/26,4,medium,large,https://storage.googleapis.com/branch-brook-park-app.firebasestorage.app/trees/tree_40.jpg
-74.17646,40.76878,,,3/26,4,medium,small,https://storage.googleapis.com/branch-brook-park-app.firebasestorage.app/trees/tree_41.jpg
-74.17622,40.76881,,,3/26,4,medium,small,https://storage.googleapis.com/branch-brook-park-app.firebasestorage.app/trees/tree_42.jpg
-74.17535,40.77055,,,3/26,4,large,medium,https://storage.googleapis.com/branch-brook-park-app.firebasestorage.app/trees/tree_43.jpg
-74.1764596,40.7688632,,,3/26,4,medium,large,https://storage.googleapis.com/branch-brook-park-app.firebasestorage.app/trees/tree_44.jpg
-74.17546,40.77022,,,3/26,4,large,large,https://storage.googleapis.com/branch-brook-park-app.firebasestorage.app/trees/tree_45.jpg
-74.17654,40.76873,,,3/26,4,medium,small,https://storage.googleapis.com/branch-brook-park-app.firebasestorage.app/trees/tree_46.jpg
-74.17604,40.76894,,,3/26,4,medium,small,https://storage.googleapis.com/branch-brook-park-app.firebasestorage.app/trees/tree_47.jpg
-74.17457,40.76906,,,3/26,4,medium,medium,https://storage.googleapis.com/branch-brook-park-app.firebasestorage.app/trees/tree_48.jpg
-74.1749799,40.771,,,3/26,4,large,large,https://storage.googleapis.com/branch-brook-park-app.firebasestorage.app/trees/tree_49.jpg
-74.1753,40.77048,,,3/26,4,large,large,https://storage.googleapis.com/branch-brook-park-app.firebasestorage.app/trees/tree_50.jpg
-74.17639,40.76881,,,3/26,4,large,medium,
-74.17622,40.76841,,,3/26,4,medium,small,
-74.17625,40.76881,,,3/26,4,medium,medium,https://storage.googleapis.com/branch-brook-park-app.firebasestorage.app/trees/tree_53.jpg
-74.17655,40.76871,,,3/26,4,medium,medium,https://storage.googleapis.com/branch-brook-park-app.firebasestorage.app/trees/tree_54.jpg
-74.17596,40.76832,,,3/26,4,medium,medium,https://storage.googleapis.com/branch-brook-park-app.firebasestorage.app/trees/tree_55.jpg
-74.17637,40.76872,,,3/26,4,large,small,
-74.1754,40.77061,,,3/26,4,medium,large,https://storage.googleapis.com/branch-brook-park-app.firebasestorage.app/trees/tree_57.jpg
-74.1755,40.77061,,,3/26,4,medium,small,https://storage.googleapis.com/branch-brook-park-app.firebasestorage.app/trees/tree_58.jpg
-74.1752675,40.7705312,,,3/26,4,medium,medium,https://storage.googleapis.com/branch-brook-park-app.firebasestorage.app/trees/tree_59.jpg
-74.17637,40.76872,,,3/26,4,medium,small,https://storage.googleapis.com/branch-brook-park-app.firebasestorage.app/trees/tree_60.jpg
-74.17549,40.77066,,,3/26,4,large,medium,https://storage.googleapis.com/branch-brook-park-app.firebasestorage.app/trees/tree_61.jpg
-74.17548,40.77072,,,3/26,4,medium,medium,https://storage.googleapis.com/branch-brook-park-app.firebasestorage.app/trees/tree_62.jpg
-74.175063,40.7701056,,,3/26,4,medium,medium,https://storage.googleapis.com/branch-brook-park-app.firebasestorage.app/trees/tree_63.jpg
-74.17559,40.77068,,,3/26,4,medium,medium,https://storage.googleapis.com/branch-brook-park-app.firebasestorage.app/trees/tree_64.jpg
-74.1750456,40.7700325,,,3/26,4,large,medium,https://storage.googleapis.com/branch-brook-park-app.firebasestorage.app/trees/tree_65.jpg
-74.17539,40.77058,,,3/26,4,large,large,
-74.17626,40.76871,,,3/26,4,,,
-74.17632,40.76869,,,3/26,4,medium,medium,https://storage.googleapis.com/branch-brook-park-app.firebasestorage.app/trees/tree_68.jpg
-74.17562,40.77092,,,3/26,4,medium,large,https://storage.googleapis.com/branch-brook-park-app.firebasestorage.app/trees/tree_69.jpg
-74.17574,40.77077,,,3/26,4,medium,medium,https://storage.googleapis.com/branch-brook-park-app.firebasestorage.app/trees/tree_70.jpg
-74.176,40.77087,,,3/26,4,medium,small,https://storage.googleapis.com/branch-brook-park-app.firebasestorage.app/trees/tree_71.jpg
-74.175,40.77,,,3/26,4,large,large,https://storage.googleapis.com/branch-brook-park-app.firebasestorage.app/trees/tree_72.jpg
-74.17575,40.77086,,,3/26,4,large,large,https://storage.googleapis.com/branch-brook-park-app.firebasestorage.app/trees/tree_73.jpg
-74.17568,40.7707,,,3/26,4,medium,medium,https://storage.googleapis.com/branch-brook-park-app.firebasestorage.app/trees/tree_74.jpg
-74.17614,40.77101,,,3/26,4,medium,small,https://storage.googleapis.com/branch-brook-park-app.firebasestorage.app/trees/tree_75.jpg
-74.176,40.771,,,3/26,4,medium,large,
-74.17611,40.77097,,,3/26,4,medium,small,https://storage.googleapis.com/branch-brook-park-app.firebasestorage.app/trees/tree_77.jpg
-74.17568,40.77068,,,3/26,4,medium,medium,https://storage.googleapis.com/branch-brook-park-app.firebasestorage.app/trees/tree_78.jpg
-74.17618,40.77096,,,3/26,4,medium,medium,https://storage.googleapis.com/branch-brook-park-app.firebasestorage.app/trees/tree_79.jpg
-74.1763543,40.7687842,,,3/26,4,medium,small,https://storage.googleapis.com/branch-brook-park-app.firebasestorage.app/trees/tree_80.jpg
-74.17593,40.77094,,,3/26,4,large,large,https://storage.googleapis.com/branch-brook-park-app.firebasestorage.app/trees/tree_81.jpg
-74.17617,40.77097,,,3/26,4,large,large,https://storage.googleapis.com/branch-brook-park-app.firebasestorage.app/trees/tree_82.jpg
-74.17646,40.76871,,,3/26,4,medium,small,https://storage.googleapis.com/branch-brook-park-app.firebasestorage.app/trees/tree_83.jpg
-74.17808,40.77057,,,3/26,4,medium,medium,https://storage.googleapis.com/branch-brook-park-app.firebasestorage.app/trees/tree_84.jpg
-74.17595,40.77091,,,3/26,4,medium,medium,
-74.17722,40.77015,,,3/26,4,large,large,https://storage.googleapis.com/branch-brook-park-app.firebasestorage.app/trees/tree_86.jpg
-74.17598,40.76886,,,3/26,4,large,large,https://storage.googleapis.com/branch-brook-park-app.firebasestorage.app/trees/tree_87.jpg
-74.17583,40.77083,,,3/26,4,medium,small,https://storage.googleapis.com/branch-brook-park-app.firebasestorage.app/trees/tree_88.jpg
-74.17659,40.77104,,,3/26,4,medium,medium,
-74.17601,40.76889,,,3/26,4,large,large,https://storage.googleapis.com/branch-brook-park-app.firebasestorage.app/trees/tree_90.jpg
-74.17582,40.77097,,,3/26,4,large,large,https://storage.googleapis.com/branch-brook-park-app.firebasestorage.app/trees/tree_91.jpg
-74.17648,40.76871,,,3/26,4,medium,medium,https://storage.googleapis.com/branch-brook-park-app.firebasestorage.app/trees/tree_92.jpg
-74.17696,40.77112,,,3/26,4,large,small,https://storage.googleapis.com/branch-brook-park-app.firebasestorage.app/trees/tree_93.jpg
-74.17607,40.77086,,,3/26,4,medium,small,https://storage.googleapis.com/branch-brook-park-app.firebasestorage.app/trees/tree_94.jpg
-74.17643,40.76868,,,3/26,4,medium,small,https://storage.googleapis.com/branch-brook-park-app.firebasestorage.app/trees/tree_95.jpg
-74.176,40.771,,,3/26,4,large,large,
-74.17641,40.76874,,,3/26,4,medium,large,https://storage.googleapis.com/branch-brook-park-app.firebasestorage.app/trees/tree_97.jpg
-74.17788,40.77096,,,3/26,4,large,medium,https://storage.googleapis.com/branch-brook-park-app.firebasestorage.app/trees/tree_98.jpg
-74.17594,40.77088,,,3/26,4,medium,medium,https://storage.googleapis.com/branch-brook-park-app.firebasestorage.app/trees/tree_99.jpg
-74.176,40.7709,,,3/23,4,medium,small,
-74.17779,40.7702,,,3/26,4,medium,medium,https://storage.googleapis.com/branch-brook-park-app.firebasestorage.app/trees/tree_101.jpg
-74.17686,40.7712,,,3/26,4,medium,small,https://storage.googleapis.com/branch-brook-park-app.firebasestorage.app/trees/tree_102.jpg
-74.1769901,40.7712922,,,3/26,4,medium,small,https://storage.googleapis.com/branch-brook-park-app.firebasestorage.app/trees/tree_103.jpg
-74.17695,40.77123,,,3/26,4,medium,small,https://storage.googleapis.com/branch-brook-park-app.firebasestorage.app/trees/tree_104.jpg
-74.17831,40.77081,,,3/26,4,large,large,https://storage.googleapis.com/branch-brook-park-app.firebasestorage.app/trees/tree_105.jpg
-74.17866,40.77148,,,3/26,4,medium,small,https://storage.googleapis.com/branch-brook-park-app.firebasestorage.app/trees/tree_106.jpg
-74.17697,40.77194,,,3/26,4,medium,medium,https://storage.googleapis.com/branch-brook-park-app.firebasestorage.app/trees/tree_107.jpg
-74.17814,40.77082,,,3/26,4,medium,small,https://storage.googleapis.com/branch-brook-park-app.firebasestorage.app/trees/tree_108.jpg
-74.1771,40.77131,,,3/26,4,medium,small,https://storage.googleapis.com/branch-brook-park-app.firebasestorage.app/trees/tree_109.jpg
-74.17696,40.77193,,,3/26,4,medium,large,https://storage.googleapis.com/branch-brook-park-app.firebasestorage.app/trees/tree_110.jpg
-74.1768762,40.771977,,,3/26,4,medium,medium,https://storage.googleapis.com/branch-brook-park-app.firebasestorage.app/trees/tree_111.jpg
-74.17707,40.77127,,,3/26,4,medium,small,https://storage.googleapis.com/branch-brook-park-app.firebasestorage.app/trees/tree_112.jpg
-74.17695,40.77191,,,3/26,4,,,https://storage.googleapis.com/branch-brook-park-app.firebasestorage.app/trees/tree_113.jpg
-74.176,40.771,,,3/26,4,,small,https://storage.googleapis.com/branch-brook-park-app.firebasestorage.app/trees/tree_114.jpg
-74.17702,40.77138,,,3/26,4,medium,small,https://storage.googleapis.com/branch-brook-park-app.firebasestorage.app/trees/tree_115.jpg
-74.17688,40.77192,,,3/26,4,medium,small,https://storage.googleapis.com/branch-brook-park-app.firebasestorage.app/trees/tree_116.jpg
-74.17709,40.77151,,,3/26,4,medium,small,https://storage.googleapis.com/branch-brook-park-app.firebasestorage.app/trees/tree_117.jpg
-74.17701,40.77188,,,3/26,4,medium,small,https://storage.googleapis.com/branch-brook-park-app.firebasestorage.app/trees/tree_118.jpg
-74.17692,40.77198,,,3/26,4,medium,medium,https://storage.googleapis.com/branch-brook-park-app.firebasestorage.app/trees/tree_119.jpg
-74.17686,40.77257,,,3/26,4,medium,medium,https://storage.googleapis.com/branch-brook-park-app.firebasestorage.app/trees/tree_120.jpg
-74.17684,40.77254,,,3/26,4,medium,small,https://storage.googleapis.com/branch-brook-park-app.firebasestorage.app/trees/tree_121.jpg
-74.17702,40.77138,,,3/26,4,medium,medium,https://storage.googleapis.com/branch-brook-park-app.firebasestorage.app/trees/tree_122.jpg
-74.1771154,40.771432,,,3/26,4,medium,small,https://storage.googleapis.com/branch-brook-park-app.firebasestorage.app/trees/tree_123.jpg
-74.1769,40.772,,,3/26,4,medium,small,https://storage.googleapis.com/branch-brook-park-app.firebasestorage.app/trees/tree_124.jpg
-74.17702,40.7719,,,3/26,4,medium,medium,https://storage.googleapis.com/branch-brook-park-app.firebasestorage.app/trees/tree_125.jpg
-74.17688,40.77252,,,3/26,4,medium,small,https://storage.googleapis.com/branch-brook-park-app.firebasestorage.app/trees/tree_126.jpg
-74.1780381,40.7708322,,,3/26,4,medium,small,https://storage.googleapis.com/branch-brook-park-app.firebasestorage.app/trees/tree_127.jpg
-74.17679,40.77258,,,3/26,4,medium,medium,https://storage.googleapis.com/branch-brook-park-app.firebasestorage.app/trees/tree_128.jpg
-74.1770809,40.7714063,,,3/26,4,medium,small,https://storage.googleapis.com/branch-brook-park-app.firebasestorage.app/trees/tree_129.jpg
-74.1771138,40.7714993,,,3/26,4,medium,medium,https://storage.googleapis.com/branch-brook-park-app.firebasestorage.app/trees/tree_130.jpg
-74.17684,40.77263,,,3/26,4,large,large,https://storage.googleapis.com/branch-brook-park-app.firebasestorage.app/trees/tree_131.jpg
-74.1771175,40.7714622,,,3/26,4,medium,small,https://storage.googleapis.com/branch-brook-park-app.firebasestorage.app/trees/tree_132.jpg
-74.17692,40.772,,,3/26,4,medium,medium,https://storage.googleapis.com/branch-brook-park-app.firebasestorage.app/trees/tree_133.jpg
-74.17699,40.77189,,,3/26,4,medium,small,https://storage.googleapis.com/branch-brook-park-app.firebasestorage.app/trees/tree_134.jpg
-74.17704,40.77168,,,3/26,4,medium,small,https://storage.googleapis.com/branch-brook-park-app.firebasestorage.app/trees/tree_135.jpg
-74.17719,40.77156,,,3/26,4,large,medium,https://storage.googleapis.com/branch-brook-park-app.firebasestorage.app/trees/tree_136.jpg
-74.17706,40.77186,,,3/26,4,medium,large,https://storage.googleapis.com/branch-brook-park-app.firebasestorage.app/trees/tree_137.jpg
-74.17707,40.77175,,,3/26,4,medium,medium,https://storage.googleapis.com/branch-brook-park-app.firebasestorage.app/trees/tree_138.jpg
-74.17857,40.7722,,,3/26,4,medium,small,https://storage.googleapis.com/branch-brook-park-app.firebasestorage.app/trees/tree_139.jpg
-74.17708,40.77181,,,4/26,4,medium,medium,https://storage.googleapis.com/branch-brook-park-app.firebasestorage.app/trees/tree_140.jpg
-74.17704,40.7718,,,3/26,4,medium,small,https://storage.googleapis.com/branch-brook-park-app.firebasestorage.app/trees/tree_141.jpg
-74.17714,40.77166,,,3/26,4,medium,small,https://storage.googleapis.com/branch-brook-park-app.firebasestorage.app/trees/tree_142.jpg
-74.1748,40.76844,,,3/26,4,medium,large,https://storage.googleapis.com/branch-brook-park-app.firebasestorage.app/trees/tree_143.jpg
-74.18067,40.7588,,,11/19,1,large,large,https://storage.googleapis.com/branch-brook-park-app.firebasestorage.app/trees/tree_144.jpg
-74.1807,40.75889,,,11/19,1,large,large,https://storage.googleapis.com/branch-brook-park-app.firebasestorage.app/trees/tree_145.jpg
-74.18076,40.75869,,,11/19,1,medium,large,https://storage.googleapis.com/branch-brook-park-app.firebasestorage.app/trees/tree_146.jpg
-74.18124,40.75856,,,2/19,1,medium,small,https://storage.googleapis.com/branch-brook-park-app.firebasestorage.app/trees/tree_147.jpg
-74.1832,40.7561,,,2/19,1,large,large,
-74.1815,40.7586,,,2/19,1,medium,small,https://storage.googleapis.com/branch-brook-park-app.firebasestorage.app/trees/tree_149.jpg
-74.18136,40.75889,,,2/19,1,medium,small,https://storage.googleapis.com/branch-brook-park-app.firebasestorage.app/trees/tree_150.jpg
-74.180036,40.758443,,,2/19,1,medium,large,
-74.1814,40.7587,,,2/19,1,medium,small,https://storage.googleapis.com/branch-brook-park-app.firebasestorage.app/trees/tree_152.jpg
-74.18139,40.75878,,,2/19,1,large,large,https://storage.googleapis.com/branch-brook-park-app.firebasestorage.app/trees/tree_153.jpg
-74.18084,40.75892,,,2/19,1,medium,medium,https://storage.googleapis.com/branch-brook-park-app.firebasestorage.app/trees/tree_154.jpg
-74.18087,40.75921,,,2/19,1,medium,medium,https://storage.googleapis.com/branch-brook-park-app.firebasestorage.app/trees/tree_155.jpg
-74.18075,40.7591,,,2/19,1,large,medium,https://storage.googleapis.com/branch-brook-park-app.firebasestorage.app/trees/tree_156.jpg
-74.1815,40.75885,,,2/19,1,medium,small,https://storage.googleapis.com/branch-brook-park-app.firebasestorage.app/trees/tree_157.jpg
-74.1814,40.759,,,2/19,1,medium,medium,https://storage.googleapis.com/branch-brook-park-app.firebasestorage.app/trees/tree_158.jpg
-74.18177,40.75914,,,1/19,1,large,large,https://storage.googleapis.com/branch-brook-park-app.firebasestorage.app/trees/tree_159.jpg
-74.18147,40.75894,,,2/19,1,medium,small,https://storage.googleapis.com/branch-brook-park-app.firebasestorage.app/trees/tree_160.jpg
-74.181868,40.759786,,,2/19,1,medium,small,https://storage.googleapis.com/branch-brook-park-app.firebasestorage.app/trees/tree_161.jpg
-74.1833287,40.756163,,,2/19,1,large,medium,
-74.1818,40.76006,,,2/19,1,medium,small,https://storage.googleapis.com/branch-brook-park-app.firebasestorage.app/trees/tree_163.jpg
-74.1813,40.7583,,,2/19,1,medium,small,https://storage.googleapis.com/branch-brook-park-app.firebasestorage.app/trees/tree_164.jpg
-74.18182,40.75916,,,2/19,1,medium,medium,https://storage.googleapis.com/branch-brook-park-app.firebasestorage.app/trees/tree_165.jpg
-74.18203,40.75923,,,2/19,1,medium,medium,https://storage.googleapis.com/branch-brook-park-app.firebasestorage.app/trees/tree_166.jpg
-74.1817,40.7591,,,2/19,1,large,large,https://storage.googleapis.com/branch-brook-park-app.firebasestorage.app/trees/tree_167.jpg
-74.1831544,40.7562483,,,2/19,1,medium,small,
-74.1821,40.75919,,,2/19,1,medium,medium,https://storage.googleapis.com/branch-brook-park-app.firebasestorage.app/trees/tree_169.jpg
-74.18146,40.7586,,,2/19,1,medium,small,https://storage.googleapis.com/branch-brook-park-app.firebasestorage.app/trees/tree_170.jpg
-74.181564,40.760732,,,2/19,1,medium,small,https://storage.googleapis.com/branch-brook-park-app.firebasestorage.app/trees/tree_171.jpg
-74.1824,40.7593,,,2/19,1,medium,medium,https://storage.googleapis.com/branch-brook-park-app.firebasestorage.app/trees/tree_172.jpg
-74.18232,40.75934,,,2/19,1,medium,medium,https://storage.googleapis.com/branch-brook-park-app.firebasestorage.app/trees/tree_173.jpg
-74.18176,40.75922,,,2/19,1,medium,medium,https://storage.googleapis.com/branch-brook-park-app.firebasestorage.app/trees/tree_174.jpg
-74.17948,40.75984,,,2/19,1,medium,small,
-74.181203,40.76123,,,2/19,1,medium,medium,https://storage.googleapis.com/branch-brook-park-app.firebasestorage.app/trees/tree_176.jpg
-74.18154,40.76092,,,2/19,1,medium,small,https://storage.googleapis.com/branch-brook-park-app.firebasestorage.app/trees/tree_177.jpg
-74.18217,40.7592,,,2/19,1,large,medium,https://storage.googleapis.com/branch-brook-park-app.firebasestorage.app/trees/tree_178.jpg
-74.1817,40.7596,,,2/19,1,large,medium,https://storage.googleapis.com/branch-brook-park-app.firebasestorage.app/trees/tree_179.jpg
-74.1822,40.7593,,,2/19,1,medium,medium,
-74.18237,40.75939,,,2/19,1,large,large,https://storage.googleapis.com/branch-brook-park-app.firebasestorage.app/trees/tree_181.jpg
-74.1832,40.7561,,,2/19,1,medium,small,
-74.1821,40.75926,,,2/19,1,medium,small,https://storage.googleapis.com/branch-brook-park-app.firebasestorage.app/trees/tree_183.jpg
-74.181105,40.761399,,,2/19,1,medium,small,https://storage.googleapis.com/branch-brook-park-app.firebasestorage.app/trees/tree_184.jpg
-74.1832,40.7561,,,2/19,1,medium,medium,
-74.18237,40.75939,,,2/19,1,medium,small,https://storage.googleapis.com/branch-brook-park-app.firebasestorage.app/trees/tree_186.jpg
-74.18108,40.76147,,,2/19,1,medium,small,https://storage.googleapis.com/branch-brook-park-app.firebasestorage.app/trees/tree_187.jpg
-74.18206,40.7592,,,2/19,1,,medium,https://storage.googleapis.com/branch-brook-park-app.firebasestorage.app/trees/tree_188.jpg
-74.1826,40.7595,,,2/19,1,large,large,https://storage.googleapis.com/branch-brook-park-app.firebasestorage.app/trees/tree_189.jpg
-74.1822387,40.759188,,,2/19,1,medium,medium,https://storage.googleapis.com/branch-brook-park-app.firebasestorage.app/trees/tree_190.jpg
-74.1809,40.7616,,,2/19,1,medium,small,https://storage.googleapis.com/branch-brook-park-app.firebasestorage.app/trees/tree_191.jpg
-74.1811,40.76153,,,2/19,1,large,large,https://storage.googleapis.com/branch-brook-park-app.firebasestorage.app/trees/tree_192.jpg
-74.1809,40.7616,,,2/19,1,medium,small,https://storage.googleapis.com/branch-brook-park-app.firebasestorage.app/trees/tree_193.jpg
-74.18277,40.7596,,,2/19,1,large,medium,https://storage.googleapis.com/branch-brook-park-app.firebasestorage.app/trees/tree_194.jpg
-74.18054,40.75851,,,2/19,1,large,medium,https://storage.googleapis.com/branch-brook-park-app.firebasestorage.app/trees/tree_195.jpg
-74.1827,40.7596,,,2/19,1,medium,medium,https://storage.googleapis.com/branch-brook-park-app.firebasestorage.app/trees/tree_196.jpg
-74.18301,40.75977,,,2/19,1,medium,medium,https://storage.googleapis.com/branch-brook-park-app.firebasestorage.app/trees/tree_197.jpg
-74.17834,40.76152,,,2/19,1,large,large,
-74.1807,40.76199,,,2/19,1,medium,small,https://storage.googleapis.com/branch-brook-park-app.firebasestorage.app/trees/tree_199.jpg
-74.1809,40.7616,,,2/19,1,medium,medium,https://storage.googleapis.com/branch-brook-park-app.firebasestorage.app/trees/tree_200.jpg
-74.1829,40.75973,,,2/19,1,medium,small,https://storage.googleapis.com/branch-brook-park-app.firebasestorage.app/trees/tree_201.jpg
-74.18287,40.7597,,,2/19,1,large,medium,https://storage.googleapis.com/branch-brook-park-app.firebasestorage.app/trees/tree_202.jpg
-74.1827,40.7598,,,2/19,1,medium,large,https://storage.googleapis.com/branch-brook-park-app.firebasestorage.app/trees/tree_203.jpg
-74.1809,40.7616,,,2/19,1,medium,small,https://storage.googleapis.com/branch-brook-park-app.firebasestorage.app/trees/tree_204.jpg
-74.18284,40.75965,,,2/19,1,medium,small,https://storage.googleapis.com/branch-brook-park-app.firebasestorage.app/trees/tree_205.jpg
-74.18292,40.75981,,,2/19,1,medium,medium,https://storage.googleapis.com/branch-brook-park-app.firebasestorage.app/trees/tree_206.jpg
-74.18272,40.75978,,,2/19,1,medium,medium,https://storage.googleapis.com/branch-brook-park-app.firebasestorage.app/trees/tree_207.jpg
-74.18002,40.76252,,,2/19,1,medium,medium,https://storage.googleapis.com/branch-brook-park-app.firebasestorage.app/trees/tree_208.jpg
-74.1829,40.7599,,,2/19,1,large,medium,https://storage.googleapis.com/branch-brook-park-app.firebasestorage.app/trees/tree_209.jpg
-74.18198,40.75923,,,2/19,1,large,large,https://storage.googleapis.com/branch-brook-park-app.firebasestorage.app/trees/tree_210.jpg
-74.18044,40.75889,,,2/19,1,large,large,https://storage.googleapis.com/branch-brook-park-app.firebasestorage.app/trees/tree_211.jpg
-74.18289,40.75981,,,2/19,1,medium,medium,https://storage.googleapis.com/branch-brook-park-app.firebasestorage.app/trees/tree_212.jpg
-74.1829,40.7598,,,2/19,1,medium,small,https://storage.googleapis.com/branch-brook-park-app.firebasestorage.app/trees/tree_213.jpg
-74.1829493,40.759939,,,2/19,1,medium,medium,https://storage.googleapis.com/branch-brook-park-app.firebasestorage.app/trees/tree_214.jpg
-74.18224,40.75956,,,2/19,1,large,small,https://storage.googleapis.com/branch-brook-park-app.firebasestorage.app/trees/tree_215.jpg
-74.18296,40.75993,,,2/19,1,large,medium,https://storage.googleapis.com/branch-brook-park-app.firebasestorage.app/trees/tree_216.jpg
-74.18374,40.75986,,,2/19,1,large,small,
-74.1809,40.7616,,,2/19,1,medium,medium,https://storage.googleapis.com/branch-brook-park-app.firebasestorage.app/trees/tree_218.jpg
-74.18291,40.76044,,,2/19,1,medium,medium,https://storage.googleapis.com/branch-brook-park-app.firebasestorage.app/trees/tree_219.jpg
-74.18077,40.76085,,,2/19,1,large,small,https://storage.googleapis.com/branch-brook-park-app.firebasestorage.app/trees/tree_220.jpg
-74.1809,40.7616,,,2/19,1,large,large,https://storage.googleapis.com/branch-brook-park-app.firebasestorage.app/trees/tree_221.jpg
-74.1799208,40.762998,,,2/19,1,medium,medium,https://storage.googleapis.com/branch-brook-park-app.firebasestorage.app/trees/tree_222.jpg
-74.1846,40.76148,,,2/19,1,large,large,
-74.18284,40.7603,,,2/19,1,medium,small,https://storage.googleapis.com/branch-brook-park-app.firebasestorage.app/trees/tree_224.jpg
-74.18304,40.76041,,,2/19,1,large,large,https://storage.googleapis.com/branch-brook-park-app.firebasestorage.app/trees/tree_225.jpg
-74.18304,40.76,,,2/19,1,medium,small,https://storage.googleapis.com/branch-brook-park-app.firebasestorage.app/trees/tree_226.jpg
-74.18314,40.76,,,2/19,1,medium,small,https://storage.googleapis.com/branch-brook-park-app.firebasestorage.app/trees/tree_227.jpg
-74.18286,40.76047,,,2/19,1,medium,large,https://storage.googleapis.com/branch-brook-park-app.firebasestorage.app/trees/tree_228.jpg
-74.18292,40.76045,,,2/19,1,large,medium,https://storage.googleapis.com/branch-brook-park-app.firebasestorage.app/trees/tree_229.jpg
-74.1804839,40.7630989,,,2/19,1,large,large,https://storage.googleapis.com/branch-brook-park-app.firebasestorage.app/trees/tree_230.jpg
-74.180815,40.762853,,,2/19,1,medium,small,https://storage.googleapis.com/branch-brook-park-app.firebasestorage.app/trees/tree_231.jpg
-74.17806,40.76157,,,2/19,1,medium,medium,
-74.18297,40.76054,,,2/19,1,medium,medium,https://storage.googleapis.com/branch-brook-park-app.firebasestorage.app/trees/tree_233.jpg
-74.18291,40.76044,,,2/19,1,medium,medium,https://storage.googleapis.com/branch-brook-park-app.firebasestorage.app/trees/tree_234.jpg
-74.1829,40.76049,,,2/19,1,medium,medium,https://storage.googleapis.com/branch-brook-park-app.firebasestorage.app/trees/tree_235.jpg
-74.18284,40.76041,,,2/19,1,medium,medium,https://storage.googleapis.com/branch-brook-park-app.firebasestorage.app/trees/tree_236.jpg
-74.18293,40.76063,,,2/19,1,large,small,https://storage.googleapis.com/branch-brook-park-app.firebasestorage.app/trees/tree_237.jpg
-74.1829,40.7605,,,2/19,1,medium,large,https://storage.googleapis.com/branch-brook-park-app.firebasestorage.app/trees/tree_238.jpg
-74.18273,40.7604,,,2/19,1,medium,small,https://storage.googleapis.com/branch-brook-park-app.firebasestorage.app/trees/tree_239.jpg
-74.181095,40.762456,,,2/19,1,large,medium,https://storage.googleapis.com/branch-brook-park-app.firebasestorage.app/trees/tree_240.jpg
-74.18296,40.76058,,,2/19,1,large,small,https://storage.googleapis.com/branch-brook-park-app.firebasestorage.app/trees/tree_241.jpg
-74.1828,40.7606,,,2/19,1,medium,small,https://storage.googleapis.com/branch-brook-park-app.firebasestorage.app/trees/tree_242.jpg
-74.18272,40.76056,,,2/19,1,medium,medium,https://storage.googleapis.com/branch-brook-park-app.firebasestorage.app/trees/tree_243.jpg
-74.183,40.76056,,,2/19,1,medium,medium,https://storage.googleapis.com/branch-brook-park-app.firebasestorage.app/trees/tree_244.jpg
-74.18279,40.76067,,,2/19,1,large,large,https://storage.googleapis.com/branch-brook-park-app.firebasestorage.app/trees/tree_245.jpg
-74.1804196,40.7631664,,,2/19,1,medium,small,https://storage.googleapis.com/branch-brook-park-app.firebasestorage.app/trees/tree_246.jpg
-74.18295,40.76056,,,2/19,1,medium,large,https://storage.googleapis.com/branch-brook-park-app.firebasestorage.app/trees/tree_247.jpg
-74.18264,40.7607,,,2/19,1,large,large,https://storage.googleapis.com/branch-brook-park-app.firebasestorage.app/trees/tree_248.jpg
-74.18276,40.76065,,,2/19,1,large,large,https://storage.googleapis.com/branch-brook-park-app.firebasestorage.app/trees/tree_249.jpg
-74.18369,40.76083,,,2/19,1,large,medium,
-74.1829,40.7606,,,2/19,1,medium,large,https://storage.googleapis.com/branch-brook-park-app.firebasestorage.app/trees/tree_251.jpg
-74.18285,40.76077,,,2/19,1,medium,medium,https://storage.googleapis.com/branch-brook-park-app.firebasestorage.app/trees/tree_252.jpg
-74.1817,40.76181,,,2/19,1,large,large,https://storage.googleapis.com/branch-brook-park-app.firebasestorage.app/trees/tree_253.jpg
-74.1794,40.7594,,,2/19,1,medium,small,
-74.1826,40.76081,,,2/19,1,medium,medium,https://storage.googleapis.com/branch-brook-park-app.firebasestorage.app/trees/tree_255.jpg
-74.18282,40.76082,,,2/19,1,large,large,https://storage.googleapis.com/branch-brook-park-app.firebasestorage.app/trees/tree_256.jpg
-74.1826,40.7609,,,2/19,1,medium,medium,https://storage.googleapis.com/branch-brook-park-app.firebasestorage.app/trees/tree_257.jpg
-74.18238,40.76095,,,2/19,1,large,large,
-74.17852,40.76147,,,2/19,1,large,large,
-74.1817,40.76162,,,2/19,1,large,medium,
-74.1813361,40.7609867,Large Fallen Tree,Theresa (November 19th): Large fallen tree hanging over water with medium diameter.,,,,,https://storage.googleapis.com/branch-brook-park-app.firebasestorage.app/trees/tree_261.jpg
-74.1807347,40.7585482,Very Large Dead Tree,Jhanvi Pai (November 19th): Very large tree with length > 50' and large diameter.,,,,,https://storage.googleapis.com/branch-brook-park-app.firebasestorage.app/trees/tree_262.jpg
-74.17718,40.76606,Medium Snag in Water,"Medium Snag in Water, length btw 10-25'",,,,,https://storage.googleapis.com/branch-brook-park-app.firebasestorage.app/trees/tree_263.jpg
-74.17763,40.76494,Small snag at water edge,,,,,,https://storage.googleapis.com/branch-brook-park-app.firebasestorage.app/trees/tree_264.jpg
-74.17753,40.76501,Fallen dead tree,,,,,,https://storage.googleapis.com/branch-brook-park-app.firebasestorage.app/trees/tree_265.jpg
-74.17753,40.76501,Medium fallen tree,,,,,,https://storage.googleapis.com/branch-brook-park-app.firebasestorage.app/trees/tree_266.jpg
-74.17725,40.76547,Large tree in water,"Large snag in water, length >50' and medium diameter",,,,,https://storage.googleapis.com/branch-brook-park-app.firebasestorage.app/trees/tree_267.jpg
-74.17728,40.76599,Hanging dead branch,,,,,,https://storage.googleapis.com/branch-brook-park-app.firebasestorage.app/trees/tree_268.jpg
-74.17847222,40.76477778,Small Snag by Water Edge,"Jhanvi - Small snag with leaves. Some debris caught in snag. Medium length, small diameter",,,,,https://storage.googleapis.com/branch-brook-park-app.firebasestorage.app/trees/tree_269.jpg
-74.17811111,40.76469444,Large Dead Branch,"Large dead branch close to falling in water. Medium diameter, medium length",,,,,https://storage.googleapis.com/branch-brook-park-app.firebasestorage.app/trees/tree_270.jpg
-74.17816667,40.76477778,Small Snag ,Small snag in water with small length/diameter.,,,,,https://storage.googleapis.com/branch-brook-park-app.firebasestorage.app/trees/tree_271.jpg
-74.17777778,40.76488889,Pile of Debris,Pile of debris caught in leaves/snags.,,,,,https://storage.googleapis.com/branch-brook-park-app.firebasestorage.app/trees/tree_272.jpg
-74.17803,40.7647867,Medium snag,"Medium snag with leaves in water, medium length and small diameter.",,,,,https://storage.googleapis.com/branch-brook-park-app.firebasestorage.app/trees/tree_273.jpg
-74.17744444,40.76513889,Small Snag,Small snag in water catching debris.,,,,,https://storage.googleapis.com/branch-brook-park-app.firebasestorage.app/trees/tree_274.jpg
-74.17730556,40.76527778,Large Dead Tree,"Large dead tree about to fall into water, very large in diameter and very large length.",,,,,https://storage.googleapis.com/branch-brook-park-app.firebasestorage.app/trees/tree_275.jpg
-74.17726167,40.76540833,Small snag,"Small snag in water, small length and medium diameter.",,,,,https://storage.googleapis.com/branch-brook-park-app.firebasestorage.app/trees/tree_276.jpg
-74.17783333,40.76486111,Multiple Small Snags,Multiple small snags close to water,,,,,https://storage.googleapis.com/branch-brook-park-app.firebasestorage.app/trees/tree_277.jpg
-74.1808446,40.7587693,Large Snag,"Large snag in water, very large diameter, approx 30' in length",,,,,https://storage.googleapis.com/branch-brook-park-app.firebasestorage.app/trees/tree_278.jpg
-74.18083333,40.75872222,Large Dead Tree,"Large dead tree above water, very large diameter and large length",,,,,https://storage.googleapis.com/branch-brook-park-app.firebasestorage.app/trees/tree_279.jpg
-74.179,40.765,Pile of Debris,Kevin Diggs - Dec 3 - pile of trash/debris,,,,,https://storage.googleapis.com/branch-brook-park-app.firebasestorage.app/trees/tree_280.jpg
-74.1787606,40.7650023,Small Snag in Water,,,,,,https://storage.googleapis.com/branch-brook-park-app.firebasestorage.app/trees/tree_281.jpg
-74.1771902,40.766462,Small Snag in Water,,,,,,https://storage.googleapis.com/branch-brook-park-app.firebasestorage.app/trees/tree_282.jpg
-74.1770106,40.7665819,Medium Snag by Water Edge,,,,,,https://storage.googleapis.com/branch-brook-park-app.firebasestorage.app/trees/tree_283.jpg
-74.1785004,40.7649225,Medium Snag by Water Edge,,,,,,https://storage.googleapis.com/branch-brook-park-app.firebasestorage.app/trees/tree_284.jpg
-74.17863,40.76526,Pile of Debris,"Katie Nguyen (02/05/2023) - medium diameter, small length, pile of debris caused by snag",,,,,https://storage.googleapis.com/branch-brook-park-app.firebasestorage.app/trees/tree_285.jpg
-74.17769,40.76576,Fallen Dead Tree,"Katie Nguyen (02/05/2023) - Medium diameter, small length",,,,,https://storage.googleapis.com/branch-brook-park-app.firebasestorage.app/trees/tree_286.jpg
-74.1786893,40.7651193,Medium Snags by Shore,"Hannah Shahinian, 2/5/23, Medium diameter, Small length",,,,,https://storage.googleapis.com/branch-brook-park-app.firebasestorage.app/trees/tree_287.jpg
-74.1784,40.76473,Fallen Tree,Medium diameter and medium height fallen tree. Meghan Kinkade (2/5/23),,,,,https://storage.googleapis.com/branch-brook-park-app.firebasestorage.app/trees/tree_288.jpg
-74.17762,40.76626,Fallen Dead Tree,"Katie Nguyen (02/05/2023) - Medium diameter, small length",,,,,https://storage.googleapis.com/branch-brook-park-app.firebasestorage.app/trees/tree_289.jpg
-74.17747,40.766,Small snag in water,"Medium diameter, small height snag completely in the water. Meghan Kinkade (2/5/23)",,,,,https://storage.googleapis.com/branch-brook-park-app.firebasestorage.app/trees/tree_290.jpg
-74.1787,40.7652,Dead branch on lakeside ,"Hannah Shahinian, 2/5/23, medium diameter, small length",,,,,https://storage.googleapis.com/branch-brook-park-app.firebasestorage.app/trees/tree_291.jpg
-74.17747,40.76603,Medium Fallen Branch,Medium diameter and height fallen branch. Meghan Kinkade 2/5/23,,,,,https://storage.googleapis.com/branch-brook-park-app.firebasestorage.app/trees/tree_292.jpg
-74.1786262,40.765099,Branches frozen in lake,"Hannah Shahinian, 2/5/23, medium diameter, small length",,,,,https://storage.googleapis.com/branch-brook-park-app.firebasestorage.app/trees/tree_293.jpg
-74.1765,40.76724,Large snag on the ground,Aliza Mujahid(February 5th)  Very Large: >2’ Diameter at Breast HeightVery Large: >50' in length,,,,,https://storage.googleapis.com/branch-brook-park-app.firebasestorage.app/trees/tree_294.jpg
-74.17713,40.7663,Medium Branch Over Water,"Medium diameter, small height branch over water. Meghan Kinkade 2/5/23",,,,,https://storage.googleapis.com/branch-brook-park-app.firebasestorage.app/trees/tree_295.jpg
-74.17742,40.76635,Fallen Dead Tree,Katie Nguyen - Medium diameter small length,,,,,https://storage.googleapis.com/branch-brook-park-app.firebasestorage.app/trees/tree_296.jpg
-74.17744,40.76606,large snag,Aliza Mujahid (February 5)  Very Large: >2’ Diameter at Breast HeightVery Large: >50' in length,,,,,https://storage.googleapis.com/branch-brook-park-app.firebasestorage.app/trees/tree_297.jpg
-74.1770696,40.7658939,Medium Fallen Log,"Medium diameter, small height fallen log. Meghan Kinkade (2/5/23)",,,,,https://storage.googleapis.com/branch-brook-park-app.firebasestorage.app/trees/tree_298.jpg
-74.17728,40.76603,Large Snag,"Katie Nguyen - large diameter, medium snag",,,,,https://storage.googleapis.com/branch-brook-park-app.firebasestorage.app/trees/tree_299.jpg
-74.17709,40.76667,Pile of Debris,"Katie Nguyen - large diameter, medium snag; snags causing pile of debris",,,,,https://storage.googleapis.com/branch-brook-park-app.firebasestorage.app/trees/tree_300.jpg
-74.17696,40.76656,Very Large Dead Tree,Very large length and large diameter dead tree standing near water. Meghan Kinkade 2/5/23,,,,,https://storage.googleapis.com/branch-brook-park-app.firebasestorage.app/trees/tree_301.jpg
-74.17671,40.76719,Large Snags,"Katie Nguyen - medium diameter, large length; two snags overlapping",,,,,https://storage.googleapis.com/branch-brook-park-app.firebasestorage.app/trees/tree_302.jpg
-74.17696,40.76748,snag in water,Aliza Mujahid (February 5)Medium: Anything less than 1’Small: Anything less than 10',,,,,https://storage.googleapis.com/branch-brook-park-app.firebasestorage.app/trees/tree_303.jpg
-74.17676,40.76719,Small Fallen Branches,"Set of medium diameter, small height fallen branches by water. Meghan Kinkade 2/5/23",,,,,https://storage.googleapis.com/branch-brook-park-app.firebasestorage.app/trees/tree_304.jpg
-74.17673,40.76738,Medium Dead Tree,"Katie Nguyen - Medium diameter, medium length",,,,,https://storage.googleapis.com/branch-brook-park-app.firebasestorage.app/trees/tree_305.jpg
-74.17657,40.76746,snag in water,Alzia Mujahid (February 5) Medium: Anything less than 1’Medium: Between 10' and 25' in length,,,,,https://storage.googleapis.com/branch-brook-park-app.firebasestorage.app/trees/tree_306.jpg
-74.17662,40.76771,Small Snag,"Katie Nguyen - Medium diameter, small length; small snag above water",,,,,https://storage.googleapis.com/branch-brook-park-app.firebasestorage.app/trees/tree_307.jpg
-74.1758081,40.766658,MUST VERIFY - Small Stump,The stump is a part of a tree near the water. The stump is small height and diameter. Meghan Kinkade 2/5/23,,,,,https://storage.googleapis.com/branch-brook-park-app.firebasestorage.app/trees/tree_308.jpg
-74.1772772,40.7664817,Branches hanging into water,"Hannah Shahinian, 2/5/23, Medium diameter, small length",,,,,https://storage.googleapis.com/branch-brook-park-app.firebasestorage.app/trees/tree_309.jpg
-74.17662,40.76779,Large Snag,"Katie Nguyen - large diameter, large length; large snag above water",,,,,https://storage.googleapis.com/branch-brook-park-app.firebasestorage.app/trees/tree_310.jpg
-74.1762395,40.7680303,Small Snag in Water,"Medium diameter, small height snag in the water. Meghan Kinkade 2/5/23",,,,,https://storage.googleapis.com/branch-brook-park-app.firebasestorage.app/trees/tree_311.jpg
-74.17638,40.7675,Log in ground,Aliza Mujahid (February 5)  Very Large: >2’ Diameter at Breast Height. Very Large: >50' in length,,,,,https://storage.googleapis.com/branch-brook-park-app.firebasestorage.app/trees/tree_312.jpg
-74.1773,40.7665,Large branch surrounded by small branches in stream,"Hannah Shahinian, 2/5/23, medium diameter, small length",,,,,https://storage.googleapis.com/branch-brook-park-app.firebasestorage.app/trees/tree_313.jpg
-74.17691,40.7683,Large Snag,"Katie Nguyen - very large diameter, large length, large snag over water",,,,,https://storage.googleapis.com/branch-brook-park-app.firebasestorage.app/trees/tree_314.jpg
-74.1762481,40.7680577,Small Snag over Water,"Small height, medium diameter snag leaning over water. Meghan Kinkade 2/5/23",,,,,https://storage.googleapis.com/branch-brook-park-app.firebasestorage.app/trees/tree_315.jpg
-74.176264,40.7678211,log in water,Large: Between 1’ – 2’ Diameter at Breast Height. Large: Between 25' and 50' in length,,,,,https://storage.googleapis.com/branch-brook-park-app.firebasestorage.app/trees/tree_316.jpg
-74.1772,40.7665,Collection of small branches +bdebris  ,"Hannah Shahinian, 2/5/23, medium diameter, small length",,,,,https://storage.googleapis.com/branch-brook-park-app.firebasestorage.app/trees/tree_317.jpg
-74.1768,40.76858,Medium Snag,"Katie Nguyen - medium diameter, medium length; snags hanging over water",,,,,https://storage.googleapis.com/branch-brook-park-app.firebasestorage.app/trees/tree_318.jpg
-74.1762378,40.7679542,snag in water,Aliza Mujahid ( feburary 5) Medium: Anything less than 1’. Medium: Between 10' and 25' in length,,,,,https://storage.googleapis.com/branch-brook-park-app.firebasestorage.app/trees/tree_319.jpg
-74.1752612,40.7678544,MUST VERIFY - Medium Fallen Branch Over Water,Medium length and diameter fallen branch that fell into the water. Meghan Kinkade 2/5/23,,,,,https://storage.googleapis.com/branch-brook-park-app.firebasestorage.app/trees/tree_320.jpg
-74.177,40.7668,Vine hanging into water,"Hannah Shahinian, 2/5/23, medium diameter, small length",,,,,https://storage.googleapis.com/branch-brook-park-app.firebasestorage.app/trees/tree_321.jpg
-74.17618,40.76854,Small Snags,"Katie Nguyen - medium diameter, small length, small snags over water",,,,,https://storage.googleapis.com/branch-brook-park-app.firebasestorage.app/trees/tree_322.jpg
-74.1760469,40.7682478,log in water,Aliza Mujahid (February 5) Medium: Anything less than 1’. Large: Between 25' and 50' in length,,,,,https://storage.googleapis.com/branch-brook-park-app.firebasestorage.app/trees/tree_323.jpg
-74.1768,40.7672,Very long dead tree,"Hannah Shahinian, 2/5/23, medium diameter, large length",,,,,https://storage.googleapis.com/branch-brook-park-app.firebasestorage.app/trees/tree_324.jpg
-74.17635,40.76865,Fallen Dead Trees,"Katie Nguyen - medium diameter, small length, two fallen dead trees",,,,,https://storage.googleapis.com/branch-brook-park-app.firebasestorage.app/trees/tree_325.jpg
-74.17579,40.76843,MUST VERIFY - Small Snag over Water,"Medium diameter, small height snag leaning over water's edge. Meghan Kinkade 2/5/23",,,,,https://storage.googleapis.com/branch-brook-park-app.firebasestorage.app/trees/tree_326.jpg
-74.17508,40.76856,MUST VERIFY - log in ground,Aliza Mujahid (February 5) Large: Between 1’ – 2’ Diameter at Breast Height. Medium: Between 10' and 25' in length,,,,,https://storage.googleapis.com/branch-brook-park-app.firebasestorage.app/trees/tree_327.jpg
-74.1766,40.7677,Snag in water,"Hannah Shahinian, 2/5/25, medium diameter, small length",,,,,https://storage.googleapis.com/branch-brook-park-app.firebasestorage.app/trees/tree_328.jpg
-74.17624,40.76852,Large Branches Over Water,"Medium diameter, large height branches hanging over water. Meghan Kinkade 2/5/23",,,,,https://storage.googleapis.com/branch-brook-park-app.firebasestorage.app/trees/tree_329.jpg
-74.17767,40.7646,MUST VERIFY - small snag,Aliza Mujahid(February 5) Medium: Anything less than 1’. Large: Between 25' and 50' in length,,,,,https://storage.googleapis.com/branch-brook-park-app.firebasestorage.app/trees/tree_330.jpg
-74.1764,40.7676,Branch in water and shore,"Hannah Shahinian, 2/5/23, medium diameter, small length",,,,,https://storage.googleapis.com/branch-brook-park-app.firebasestorage.app/trees/tree_331.jpg
-74.17638,40.76758,Medium Snag over Stream,Medium height and diameter snag over stream. Meghan Kinkade 2/5/23,,,,,https://storage.googleapis.com/branch-brook-park-app.firebasestorage.app/trees/tree_332.jpg
-74.1762,40.7681,Branch frozen in water ,"Hannah Shahinian, 2/5/23, medium diameter, small length",,,,,https://storage.googleapis.com/branch-brook-park-app.firebasestorage.app/trees/tree_333.jpg
-74.1771,40.76631,Dead Tree by Water,Aliza Mujahid (February 5) Very Large: >2’ Diameter at Breast Height. Very Large: >50' in length,,,,,https://storage.googleapis.com/branch-brook-park-app.firebasestorage.app/trees/tree_334.jpg
-74.1762,40.7682,"Branch hanging in water, attached to tree","Hannah Shahinian, 2/5/23, medium diameter, small length",,,,,https://storage.googleapis.com/branch-brook-park-app.firebasestorage.app/trees/tree_335.jpg
-74.1762936,40.7672988,snag big,Aliza Mujahid(February 5)  Medium: Anything less than 1’. Medium: Between 10' and 25' in length,,,,,https://storage.googleapis.com/branch-brook-park-app.firebasestorage.app/trees/tree_336.jpg
-74.1761,40.7682,"Branch hanging into water, may fall","Hannah Shahinian, 2/5/23, medium diameter, large length",,,,,https://storage.googleapis.com/branch-brook-park-app.firebasestorage.app/trees/tree_337.jpg
-74.1761,40.7683,Branch hanging into water,"Hannah Shahinian, 2/5/23, medium diameter, small length",,,,,https://storage.googleapis.com/branch-brook-park-app.firebasestorage.app/trees/tree_338.jpg
-74.17616,40.768,"Dead, fallen branch close to water",Aliza Mujahid(Feb 5) Medium: Anything less than 1’. Medium: Between 10' and 25' in length,,,,,https://storage.googleapis.com/branch-brook-park-app.firebasestorage.app/trees/tree_339.jpg
-74.1785883,40.7653083,Large Snag in Water,"Jhanvi - Large snag in water, large length of about 30' and small diameter",,,,,https://storage.googleapis.com/branch-brook-park-app.firebasestorage.app/trees/tree_340.jpg
-74.17643,40.7679,medium snag in water,Aliza Mujahid(feb 5 ) Medium: Anything less than 1’Medium: Between 10' and 25' in length,,,,,https://storage.googleapis.com/branch-brook-park-app.firebasestorage.app/trees/tree_341.jpg
-74.1761,40.7684,Wood pile by shore ,"Hannah Shahinian, 2/5/23, medium diameter, small length",,,,,https://storage.googleapis.com/branch-brook-park-app.firebasestorage.app/trees/tree_342.jpg
-74.1777633,40.7656783,Dead Tree,"Jhanvi - Large dead tree close to body of water, large diameter and length > 50'",,,,,https://storage.googleapis.com/branch-brook-park-app.firebasestorage.app/trees/tree_343.jpg
-74.1761104,40.7685426,snag closer to water,Aliza Mujahid(Feb 5) Medium: Anything less than 1’Medium: Between 10' and 25' in length,,,,,https://storage.googleapis.com/branch-brook-park-app.firebasestorage.app/trees/tree_344.jpg
-74.1761402,40.7683655,Branches in water,"Hannah Shahinian, 2/5/23, medium diameter, small length",,,,,https://storage.googleapis.com/branch-brook-park-app.firebasestorage.app/trees/tree_345.jpg
-74.1762,40.76818,snag in water,Aliza Mujahid(feb 5) Dead branch in water. Medium: Anything less than 1’. Medium: Between 10' and 25' in length,,,,,https://storage.googleapis.com/branch-brook-park-app.firebasestorage.app/trees/tree_346.jpg
-74.17646,40.76753,Small snags near water,"Jesica Rana ( 2/5/2023) Medium diameter less than 1’, Small length less than 10'",,,,,https://storage.googleapis.com/branch-brook-park-app.firebasestorage.app/trees/tree_347.jpg
-74.1769167,40.7683867,Branches above water,Jhanvi - Branches from medium-sized tree hanging above water,,,,,https://storage.googleapis.com/branch-brook-park-app.firebasestorage.app/trees/tree_348.jpg
-74.1761,40.7688,"Large dead tree, leaning on another tree","Hannah Shahinian, 2/5/23, large diameter, very large length",,,,,https://storage.googleapis.com/branch-brook-park-app.firebasestorage.app/trees/tree_349.jpg
-74.17623,40.76813,Future snags,Jesica Rana (2/5/23) Medium diameter less than 1’Medium Between 10' and 25' in length,,,,,https://storage.googleapis.com/branch-brook-park-app.firebasestorage.app/trees/tree_350.jpg
-74.1768823,40.7686655,Broken Branch on Tree,"Jhanvi - Broken branch hanging off of  large tree, close to falling in water",,,,,https://storage.googleapis.com/branch-brook-park-app.firebasestorage.app/trees/tree_351.jpg
-74.1765133,40.7686667,Large snag in Water,Jhanvi - Large snag in water with medium diameter and large length,,,,,https://storage.googleapis.com/branch-brook-park-app.firebasestorage.app/trees/tree_352.jpg
-74.1815909,40.7590781,Bushes and Trees over Water,Several bushes collecting debris and trees with branches hanging over the water.,,,,,https://storage.googleapis.com/branch-brook-park-app.firebasestorage.app/trees/tree_353.jpg
-74.1775148,40.7650691,Snags Over Water,David Zamora (February 5th): Dead trees with branches hanging over the water.,,,,,https://storage.googleapis.com/branch-brook-park-app.firebasestorage.app/trees/tree_354.jpg
-74.1772989,40.765323,Snags Over Water,David Zamora (February 5th): Tree with branches hanging over the water.,,,,,https://storage.googleapis.com/branch-brook-park-app.firebasestorage.app/trees/tree_355.jpg
-74.1773525,40.7651971,Fallen Dead Tree Near Water,David Zamora (February 5th): Very Large: >2’ Diameter at Breast HeightFallen dead tree near the water,,,,,https://storage.googleapis.com/branch-brook-park-app.firebasestorage.app/trees/tree_356.jpg
-74.1778,40.7656,Large Tree Over Water,Very Large: >2’ Diameter at Breast HeightLarge tree with branches over the water.,,,,,https://storage.googleapis.com/branch-brook-park-app.firebasestorage.app/trees/tree_357.jpg
-74.176323,40.7670368,Large Trees Over River,David Zamora (February 5th): Very Large: >2’ Diameter at Breast HeightLarge trees with branches hanging over the river.,,,,,https://storage.googleapis.com/branch-brook-park-app.firebasestorage.app/trees/tree_358.jpg
-74.1764759,40.7668661,Dead Tree Over Water,David Zamora (February 5th): Medium: Anything less than 1’Branch hanging into water,,,,,https://storage.googleapis.com/branch-brook-park-app.firebasestorage.app/trees/tree_359.jpg
-74.1765161,40.7667666,Trees Over River,David Zamora (February 5th): Medium: Anything less than 1’Trees hanging over the river.,,,,,https://storage.googleapis.com/branch-brook-park-app.firebasestorage.app/trees/tree_360.jpg
-74.1765698,40.7666792,Bushes Over River,David Zamora (February 5th): Medium: Anything less than 1’Bushes over and almost on the river.,,,,,https://storage.googleapis.com/branch-brook-park-app.firebasestorage.app/trees/tree_361.jpg
-74.1772173,40.7658442,Branches hanging over water,David Zamora (February 5th): Medium: Anything less than 1’Several trees with branches hanging over a river.,,,,,https://storage.googleapis.com/branch-brook-park-app.firebasestorage.app/trees/tree_362.jpg
-74.1771744,40.7657752,Large Tree's Branches Over Water,David Zamora (February 5th): Large: Between 1’ – 2’ Diameter at Breast HeightLarge tree with branches hanging over the water. As well as several smaller trees with branches hanging over the water.,,,,,https://storage.googleapis.com/branch-brook-park-app.firebasestorage.app/trees/tree_363.jpg
-74.177165,40.7656116,Large Tree Over Water,David Zamora (February 5th): Very Large: >2’ Diameter at Breast HeightLarge tree with branches hanging over the water.,,,,,https://storage.googleapis.com/branch-brook-park-app.firebasestorage.app/trees/tree_364.jpg
-74.1773426,40.7660296,Trees Over Water,David Zamora (February 5th): Medium: Anything less than 1’Several trees with branches hanging over the water.,,,,,https://storage.googleapis.com/branch-brook-park-app.firebasestorage.app/trees/tree_365.jpg
-74.1764667,40.7686117,Hanging branches above water,"Jhanvi - Medium length branches hanging above water, close to falling in.",,,,,https://storage.googleapis.com/branch-brook-park-app.firebasestorage.app/trees/tree_366.jpg
-74.1762629,40.7685461,Snags in water,Jhanvi - Medium-length snags in water,,,,,https://storage.googleapis.com/branch-brook-park-app.firebasestorage.app/trees/tree_367.jpg
-74.17682,40.76682833,Dead Tree,Jhanvi - Medium-sized dead tree (length + diameter) close to water.,,,,,https://storage.googleapis.com/branch-brook-park-app.firebasestorage.app/trees/tree_368.jpg
-74.1769029,40.7685038,Very Large Tree by Water,"Very large height, large diameter tree leaning over water. Meghan Kinkade 2/3/23",,,,,https://storage.googleapis.com/branch-brook-park-app.firebasestorage.app/trees/tree_369.jpg
